User Input,Chatbot Response,Timestamp
Hello,,2025-01-07 17:40:31
Hello,,2025-01-07 17:41:48
Hello,,2025-01-07 17:44:04
Hello,Hi there,2025-01-07 17:46:10
Hello,,2025-01-07 17:53:38
hi,,2025-01-07 17:55:01
hello,,2025-01-07 18:26:56
hello ,,2025-01-07 18:43:23
hi,Nothing much,2025-01-07 18:55:57
what is your name,My name is Chatbot.,2025-01-07 18:56:22
what can you do,My purpose is to assist you,2025-01-07 18:56:38
hi there,"I'm fine, thank you",2025-01-07 19:00:03
what is your age,I am a chatbot,2025-01-07 19:00:14
what is green technology,I can answer questions and provide assistance,2025-01-07 19:00:25
how to make budget ,"A good budgeting strategy is to use the 50/30/20 rule. This means allocating 50% of your income towards essential expenses, 30% towards discretionary expenses, and 20% towards savings and debt repayment.",2025-01-07 19:03:47
tell me about artificial intelligence,"Emotional intelligence (EQ) is the ability to understand and manage emotions, both in oneself and others.",2025-01-07 19:04:08
what is archaeology,I am a chatbot,2025-01-07 19:04:23
tell meabout archaeology,Growing a vegetable garden allows you to enjoy fresh produce and connect with nature.,2025-01-07 19:04:36
tell me about archaeology,"I may not have personal preferences, but I can help you find movies based on your taste!",2025-01-07 19:04:48
how old are you,My purpose is to assist you,2025-01-07 19:05:41
do you like any color,"As an AI, I don't have pets, but I'm interested in animals and can answer your questions about them.",2025-01-07 19:06:06
tell me a joke,Why don't skeletons fight each other? They don't have the guts!,2025-01-07 19:06:24
what is the meaning of life,The meaning of life is a philosophical question. Different people and cultures have different beliefs about it.,2025-01-07 19:06:53
travel,"Popular travel destinations include Paris, Tokyo, New York, and Bali. Unexplored spots can be found in offbeat regions and lesser-known towns.",2025-01-07 19:07:04
how to take care of my health,See you later,2025-01-07 19:07:48
how to stay health,"To stay healthy, maintain a balanced diet, engage in regular physical activity, get enough sleep, manage stress, and avoid harmful habits.",2025-01-07 19:08:00
